{
    "Modules": {
        "std": {
            "child_modules": {},
            "nRouts": 36,
            "start_perf": [
                0.41151809692382812,
                0.25326100000000001,
                0.047486,
                219564,
                227264,
                1756457634.990232,
                16077585094340825
            ],
            "Compiled": "Yes",
            "Compiled Times": 1,
            "nQuads": 224,
            "nMops": 477,
            "end_perf": [
                0.42036199569702148,
                0.26208999999999999,
                0.047486,
                220912,
                227264,
                16077585114655794,
                8589934594,
                0
            ],
            "svclass": [
                "$vcs_nba_dyn_obj",
                385,
                37,
                2,
                2,
                0,
                "sigprop$$",
                385,
                37,
                2,
                2,
                0,
                "process",
                1645,
                184,
                8,
                8,
                0,
                "event",
                462,
                36,
                2,
                2,
                0,
                "mailbox",
                912,
                107,
                9,
                9,
                0,
                "semaphore",
                672,
                71,
                5,
                5,
                0
            ]
        },
        "...MASTER...": {
            "nRouts": 5,
            "child_modules": {
                "std": 1,
                "intadd_tb": 1
            },
            "start_perf": [
                0.40634918212890625,
                0.25274999999999997,
                0.042828999999999999,
                215128,
                227264,
                1756457634.9850631,
                16077585082451405
            ],
            "nMops": 0,
            "end_perf": [
                0.41135716438293457,
                0.25312499999999999,
                0.047461000000000003,
                219564,
                227264,
                16077585093997842,
                0,
                0
            ],
            "nQuads": 0
        },
        "intadd_tb": {
            "child_modules": {},
            "nRouts": 1266,
            "start_perf": [
                0.42041206359863281,
                0.26213999999999998,
                0.047486,
                220912,
                227264,
                1756457634.999126,
                16077585114743565
            ],
            "Compiled": "Yes",
            "Compiled Times": 1,
            "nQuads": 15431,
            "nMops": 53124,
            "significant_routs": [
                [
                    56,
                    "X_VCSgd_LIRpe_8_0",
                    5957270,
                    4895,
                    1021
                ],
                [
                    57,
                    "X_VCSgd_LIRpe_9_0",
                    17420816,
                    14951,
                    3029
                ],
                [
                    59,
                    "X_VCSgd_LIRpe_11_0",
                    17297871,
                    14475,
                    2930
                ],
                [
                    680,
                    "R_VCSgd_LIRpe_2a8",
                    5659791,
                    2553,
                    643
                ],
                [
                    829,
                    "R_VCSgd_LIRpe_33d",
                    20509876,
                    14188,
                    3451
                ],
                [
                    830,
                    "R_VCSgd_LIRpe_33e",
                    6071243,
                    5294,
                    1172
                ],
                [
                    831,
                    "R_VCSgd_LIRpe_33f",
                    15247534,
                    13034,
                    2527
                ],
                [
                    1216,
                    "R_VCSgd_LIRpe_4c0",
                    9904211,
                    6707,
                    851
                ]
            ],
            "end_perf": [
                0.66928911209106445,
                0.50287000000000004,
                0.055433999999999997,
                227652,
                227652,
                16077585687208873,
                17179869185,
                0
            ]
        }
    },
    "stat": {
        "ru_self_end": {
            "ru_utime_sec": 0.50679600000000002,
            "ru_maxrss_kb": 128144,
            "ru_stime_sec": 0.055621999999999998,
            "ru_nivcsw": 54,
            "ru_nvcsw": 28,
            "ru_minflt": 13282,
            "ru_majflt": 0
        },
        "ru_childs_end": {
            "ru_utime_sec": 0.024323999999999998,
            "ru_maxrss_kb": 113504,
            "ru_stime_sec": 0.017933000000000001,
            "ru_nivcsw": 4,
            "ru_nvcsw": 18,
            "ru_minflt": 3705,
            "ru_majflt": 0
        },
        "cpu_cycles_end": 16077585696582109,
        "peak_mem_kb": 229316
    },
    "CompUnits": {
        "reYIK_d": {
            "cls": 4461,
            "mod": "std",
            "archive": "archive.0/_452815_archive_1.a",
            "bytes": 35318,
            "out": "reYIK_d.o",
            "mode": 4,
            "text": 4799,
            "checksum": 0
        },
        "amcQw_d": {
            "mod": "...MASTER...",
            "bytes": 7660,
            "out": "objs/amcQw_d.o",
            "mode": 4,
            "text": 434,
            "checksum": 0
        },
        "LIRpe_d": {
            "mod": "intadd_tb",
            "archive": "archive.0/_452815_archive_1.a",
            "bytes": 485220,
            "out": "LIRpe_d.o",
            "mode": 4,
            "text": 281474,
            "checksum": 0
        }
    },
    "reusePaths": {},
    "ObjArchives": [
        {
            "size": 600880,
            "archive": "archive.0/_452815_archive_1.a",
            "objects": [
                [
                    "reYIK_d.o",
                    35318
                ],
                [
                    "LIRpe_d.o",
                    485220
                ],
                [
                    "amcQwB.o",
                    80342
                ]
            ]
        }
    ]
}