{
    "reusePaths": {},
    "Modules": {
        "final_adder_0000": {
            "start_perf": [
                1.107874870300293,
                0.92847599999999997,
                0.064588999999999994,
                314920,
                382212,
                1755003556.143451,
                12733235461770640
            ],
            "child_modules": {},
            "nQuads": 1674,
            "Compiled": "Yes",
            "Compiled Times": 1,
            "nMops": 5724,
            "significant_routs": [
                [
                    5,
                    "R_VCSgd_UZnJR_5",
                    10699023,
                    8394,
                    1136
                ],
                [
                    7,
                    "R_VCSgd_UZnJR_7",
                    10944697,
                    8138,
                    1095
                ]
            ],
            "end_perf": [
                1.1368238925933838,
                0.95735999999999999,
                0.064630999999999994,
                314920,
                382212,
                12733235528380017,
                38654705665,
                0
            ],
            "nRouts": 86
        },
        "...MASTER...": {
            "start_perf": [
                0.67563080787658691,
                0.519953,
                0.041158,
                312972,
                382212,
                1755003555.7112069,
                12733234467678879
            ],
            "child_modules": {
                "std": 1,
                "tb_fp32_adder_tree_8_inputs": 1
            },
            "end_perf": [
                0.67942595481872559,
                0.519953,
                0.044953,
                313952,
                382212,
                12733234476408375,
                0,
                0
            ],
            "nQuads": 0,
            "nMops": 0,
            "nRouts": 5
        },
        "tb_fp32_adder_tree_8_inputs": {
            "start_perf": [
                0.69100379943847656,
                0.531501,
                0.044972999999999999,
                314920,
                382212,
                1755003555.7265799,
                12733234502977267
            ],
            "child_modules": {
                "fp32_normalizer_rounder": 1,
                "fp32_unpacker": 8,
                "fp32_packer": 1,
                "wallace_tree_8_inputs_0000": 2
            },
            "nQuads": 13528,
            "Compiled": "Yes",
            "Compiled Times": 1,
            "nMops": 44283,
            "significant_routs": [
                [
                    1,
                    "R_VCSgd_HSqqS_1",
                    12460057,
                    11568,
                    1438
                ],
                [
                    32,
                    "T_VCSgd_HSqqS_2_0",
                    20553183,
                    15779,
                    1825
                ],
                [
                    44,
                    "T_VCSgd_HSqqS_6_0",
                    35466589,
                    20037,
                    2989
                ],
                [
                    63,
                    "U_VCSgd_HSqqS_63",
                    9147128,
                    6264,
                    772
                ],
                [
                    1057,
                    "R_VCSgd_HSqqS_421",
                    8112955,
                    5920,
                    911
                ]
            ],
            "end_perf": [
                0.9585118293762207,
                0.78294900000000001,
                0.060850000000000001,
                314920,
                382212,
                12733235118297331,
                12884901889,
                0
            ],
            "nRouts": 1196
        },
        "std": {
            "start_perf": [
                0.67953586578369141,
                0.52006399999999997,
                0.044953,
                313952,
                382212,
                1755003555.715112,
                12733234476619839
            ],
            "child_modules": {},
            "svclass": [
                "$vcs_nba_dyn_obj",
                576,
                35,
                2,
                2,
                0,
                "sigprop$$",
                576,
                35,
                2,
                2,
                0,
                "process",
                2380,
                200,
                8,
                8,
                0,
                "event",
                597,
                34,
                2,
                2,
                0,
                "mailbox",
                1769,
                140,
                9,
                9,
                0,
                "semaphore",
                1119,
                84,
                5,
                5,
                0
            ],
            "nQuads": 224,
            "Compiled": "Yes",
            "Compiled Times": 1,
            "nMops": 533,
            "end_perf": [
                0.69095277786254883,
                0.53145299999999995,
                0.044969000000000002,
                314920,
                382212,
                12733234502886270,
                8589934594,
                0
            ],
            "nRouts": 36
        },
        "full_adder": {
            "start_perf": [
                1.1039509773254395,
                0.92828599999999994,
                0.060854999999999999,
                314920,
                382212,
                1755003556.1395271,
                12733235452753266
            ],
            "child_modules": {},
            "nQuads": 84,
            "Compiled": "Yes",
            "nMops": 255,
            "Compiled Times": 1,
            "end_perf": [
                1.1078369617462158,
                0.92843900000000001,
                0.064587000000000006,
                314920,
                382212,
                12733235461708623,
                34359738369,
                0
            ],
            "nRouts": 15
        },
        "fp32_normalizer_rounder": {
            "start_perf": [
                1.1368639469146729,
                0.95739799999999997,
                0.064633999999999997,
                314920,
                382212,
                1755003556.1724401,
                12733235528456592
            ],
            "child_modules": {},
            "nQuads": 980,
            "Compiled": "Yes",
            "Compiled Times": 1,
            "nMops": 3084,
            "significant_routs": [
                [
                    5,
                    "R_VCSgd_r2uC3_5",
                    12110074,
                    7260,
                    1015
                ],
                [
                    27,
                    "R_VCSgd_r2uC3_1b",
                    10156423,
                    6361,
                    881
                ]
            ],
            "end_perf": [
                1.1593139171600342,
                0.97969600000000001,
                0.064772999999999997,
                314920,
                382212,
                12733235580106465,
                42949672961,
                0
            ],
            "nRouts": 59
        },
        "fp32_unpacker": {
            "start_perf": [
                0.9585719108581543,
                0.78300499999999995,
                0.060854999999999999,
                314920,
                382212,
                1755003555.994148,
                12733235118377239
            ],
            "child_modules": {},
            "nQuads": 308,
            "Compiled": "Yes",
            "nMops": 757,
            "Compiled Times": 1,