{
    "Modules": {
        "...MASTER...": {
            "child_modules": {
                "std": 1,
                "tb_fpmul": 1
            },
            "start_perf": [
                0.35007810592651367,
                0.17360700000000001,
                0.030755999999999999,
                214312,
                227148,
                1756450710.2994211,
                16061658398936554
            ],
            "end_perf": [
                0.35541892051696777,
                0.17863599999999999,
                0.031067000000000001,
                218864,
                227148,
                16061658411245940,
                0,
                0
            ],
            "nQuads": 0,
            "nMops": 0,
            "nRouts": 5
        },
        "std": {
            "child_modules": {},
            "Compiled": "Yes",
            "start_perf": [
                0.35554099082946777,
                0.17874100000000001,
                0.031085000000000002,
                218864,
                227148,
                1756450710.304884,
                16061658411493266
            ],
            "Compiled Times": 1,
            "svclass": [
                "$vcs_nba_dyn_obj",
                576,
                35,
                2,
                2,
                0,
                "sigprop$$",
                576,
                35,
                2,
                2,
                0,
                "process",
                2380,
                200,
                8,
                8,
                0,
                "event",
                597,
                34,
                2,
                2,
                0,
                "mailbox",
                1769,
                140,
                9,
                9,
                0,
                "semaphore",
                1119,
                84,
                5,
                5,
                0
            ],
            "end_perf": [
                0.36686110496520996,
                0.19003100000000001,
                0.031085000000000002,
                220212,
                227148,
                16061658437524454,
                8589934594,
                0
            ],
            "nQuads": 224,
            "nMops": 533,
            "nRouts": 36
        },
        "tb_fpmul": {
            "child_modules": {},
            "Compiled": "Yes",
            "start_perf": [
                0.36692500114440918,
                0.19009499999999999,
                0.031085000000000002,
                220212,
                227148,
                1756450710.316268,
                16061658437629967
            ],
            "Compiled Times": 1,
            "significant_routs": [
                [
                    1,
                    "R_VCSgd_b0WTN_1",
                    8163571,
                    6624,
                    957
                ],
                [
                    20,
                    "T_VCSgd_b0WTN_1_0",
                    19074608,
                    15065,
                    2228
                ],
                [
                    23,
                    "T_VCSgd_b0WTN_2_0",
                    17413821,
                    15058,
                    2228
                ],
                [
                    46,
                    "T_VCSgd_b0WTN_6_0",
                    11599967,
                    7595,
                    1071
                ],
                [
                    59,
                    "T_VCSgd_b0WTN_7_0",
                    11381397,
                    7547,
                    1076
                ],
                [
                    670,
                    "R_VCSgd_b0WTN_29e",
                    4149923,
                    2920,
                    428
                ],
                [
                    672,
                    "R_VCSgd_b0WTN_2a0",
                    4114307,
                    2926,
                    428
                ],
                [
                    758,
                    "R_VCSgd_b0WTN_2f6",
                    4227182,
                    2909,
                    421
                ],
                [
                    760,
                    "R_VCSgd_b0WTN_2f8",
                    4358230,
                    2909,
                    421
                ]
            ],
            "end_perf": [
                0.55597805976867676,
                0.37854500000000002,
                0.031544999999999997,
                226564,
                227148,
                16061658872495779,
                25769803777,
                0
            ],
            "nQuads": 9955,
            "nMops": 29656,
            "nRouts": 793
        }
    },
    "CompUnits": {
        "b0WTN_d": {
            "text": 201345,
            "bytes": 377410,
            "mod": "tb_fpmul",
            "out": "b0WTN_d.o",
            "mode": 4,
            "checksum": 0,
            "archive": "archive.0/_319451_archive_1.a"
        },
        "reYIK_d": {
            "text": 7395,
            "bytes": 43298,
            "mod": "std",
            "cls": 7017,
            "out": "reYIK_d.o",
            "mode": 4,
            "checksum": 0,
            "archive": "archive.0/_319451_archive_1.a"
        },
        "amcQw_d": {
            "text": 434,
            "bytes": 7832,
            "mod": "...MASTER...",
            "out": "objs/amcQw_d.o",
            "mode": 4,
            "checksum": 0
        }
    },
    "reusePaths": {},
    "ObjArchives": [
        {
            "archive": "archive.0/_319451_archive_1.a",
            "objects": [
                [
                    "reYIK_d.o",
                    43298
                ],
                [
                    "b0WTN_d.o",
                    377410
                ],
                [
                    "amcQwB.o",
                    149120
                ]
            ],
            "size": 569828
        }
    ],
    "stat": {
        "peak_mem_kb": 228228,
        "ru_self_end": {
            "ru_majflt": 0,
            "ru_utime_sec": 0.379969,
            "ru_nivcsw": 42,
            "ru_stime_sec": 0.035622000000000001,
            "ru_maxrss_kb": 127788,
            "ru_nvcsw": 47,
            "ru_minflt": 13346
        },
        "ru_childs_end": {
            "ru_majflt": 0,
            "ru_utime_sec": 0.041362000000000003,
            "ru_nivcsw": 9,
            "ru_stime_sec": 0.032428999999999999,
            "ru_maxrss_kb": 114300,
            "ru_nvcsw": 26,
            "ru_minflt": 5373
        },
        "cpu_cycles_end": 16061658885075264
    }
}