{
    "cpu_cycles_pass2_start": 17027101588297119,
    "cycles_program_begin": 17027100776609379,
    "LVLData": [
        "SIM"
    ],
    "stat": {
        "nQuads": 8598,
        "ru_self_cgstart": {
            "ru_utime_sec": 0.22004799999999999,
            "ru_stime_sec": 0.024343,
            "ru_nvcsw": 58,
            "ru_maxrss_kb": 116692,
            "ru_minflt": 12993,
            "ru_nivcsw": 22,
            "ru_majflt": 0
        },
        "realTime": 0.58853697776794434,
        "mop/quad": 3.4862758781111887,
        "outputSizePerQuad": 63.747150500116305,
        "ru_childs_end": {
            "ru_utime_sec": 0.070946999999999996,
            "ru_stime_sec": 0.066400000000000001,
            "ru_nvcsw": 45,
            "ru_maxrss_kb": 116692,
            "ru_minflt": 15407,
            "ru_nivcsw": 20,
            "ru_majflt": 0
        },
        "ru_childs_cgstart": {
            "ru_utime_sec": 0.070946999999999996,
            "ru_stime_sec": 0.066400000000000001,
            "ru_nvcsw": 45,
            "ru_maxrss_kb": 116692,
            "ru_minflt": 15407,
            "ru_nivcsw": 20,
            "ru_majflt": 0
        },
        "totalObjSize": 548098,
        "cpu_cycles_cgstart": 17027101588388972,
        "CodeGen(%)": 41.184495885875748,
        "ru_self_end": {
            "ru_utime_sec": 0.42381200000000002,
            "ru_stime_sec": 0.036102000000000002,
            "ru_nvcsw": 58,
            "ru_maxrss_kb": 130468,
            "ru_minflt": 15786,
            "ru_nivcsw": 42,
            "ru_majflt": 0
        },
        "nMops": 29975,
        "cpu_cycles_end": 17027102084466352,
        "cpu_cycles_total": 1307856973,
        "Frontend(%)": 58.815504114124245,
        "mopSpeed": 147106.45648887928,
        "quadSpeed": 42195.873657760938,
        "peak_mem_kb": 382216
    },
    "perf": [
        {
            "stat": [
                "main",
                "entry",
                0.019917964935302734,
                0.046266000000000002,
                0.0083289999999999996,
                200712,
                200712,
                0.0,
                0.0,
                1756870471.836123,
                17027100776833920
            ],
            "sub": [
                {
                    "stat": [
                        "doParsingAndDesignResolution",
                        "entry",
                        0.14160704612731934,
                        0.063987000000000002,
                        0.0083289999999999996,
                        209720,
                        210520,
                        0.0,
                        0.0,
                        1756870471.9578121,
                        17027101056679720
                    ],
                    "sub": []
                },
                {
                    "stat": [
                        "doParsingAndDesignResolution",
                        "exit",
                        0.17239809036254883,
                        0.100776,
                        0.015504,
                        314468,
                        382216,
                        0.0,
                        0.0,
                        1756870471.9886031,
                        17027101127513347
                    ],
                    "sub": []
                },
                {
                    "stat": [
                        "doPostDesignResolutionToVir2Vcs",
                        "entry",
                        0.17960906028747559,
                        0.103662,
                        0.018401000000000001,
                        295236,
                        382216,
                        0.0030790000000000001,
                        0.0,
                        1756870471.9958141,
                        17027101144093553
                    ],
                    "sub": [
                        {
                            "stat": [
                                "doUptoVir2VcsNoSepCleanup",
                                "entry",
                                0.19609498977661133,
                                0.11838,
                                0.020150000000000001,
                                295764,
                                382216,
                                0.0030790000000000001,
                                0.0,
                                1756870472.0123,
                                17027101182008560
                            ],
                            "sub": []
                        },
                        {
                            "stat": [
                                "doUptoVir2VcsNoSepCleanup",
                                "exit",
                                0.31802701950073242,
                                0.210922,
                                0.024337000000000001,
                                296820,
                                382216,
                                0.016164999999999999,
                                0.010673999999999999,
                                1756870472.134232,
                                17027101462445149
                            ],
                            "sub": []
                        },
                        {
                            "stat": [
                                "doRadify_vir2vcsAll",
                                "entry",
                                0.31808900833129883,
                                0.210977,
                                0.024343,
                                296820,
                                382216,
                                0.043311000000000002,
                                0.047675000000000002,
                                1756870472.134294,
                                17027101462553611
                            ],
                            "sub": []
                        },
                        {
                            "stat": [
                                "doRadify_vir2vcsAll",
                                "exit",
                                0.32449793815612793,
                                0.217387,
                                0.024343,
                                298772,
                                382216,
                                0.043311000000000002,
                                0.047675000000000002,
                                1756870472.140703,
                                17027101477325373
                            ],
                            "sub": []
                        }
                    ]
                },
                {
                    "stat": [
                        "doPostDesignResolutionToVir2Vcs",
                        "exit",
                        0.3245389461517334,
                        0.21742800000000001,
                        0.024343,
                        298772,
                        382216,
                        0.043311000000000002,
                        0.047675000000000002,
                        1756870472.140744,
                        17027101477379399
                    ],
                    "sub": []
                },
                {
                    "stat": [
                        "doGAToPass2",
                        "entry",
                        0.32456088066101074,
                        0.21745,
                        0.024343,
                        298772,
                        382216,
                        0.043311000000000002,
                        0.047675000000000002,
                        1756870472.1407659,
                        17027101477419836
                    ],