{
    "Modules": {
        "tb_fp16_to_fp32_multiplier": {
            "start_perf": [
                0.38955402374267578,
                0.232985,
                0.028118000000000001,
                303000,
                382216,
                1756870472.205759,
                17027101626912362
            ],
            "child_modules": {},
            "significant_routs": [
                [
                    37,
                    "R_VCSgd_Uu9in_25",
                    11506379,
                    9041,
                    1579
                ],
                [
                    38,
                    "R_VCSgd_Uu9in_26",
                    12642971,
                    9585,
                    1643
                ],
                [
                    39,
                    "R_VCSgd_Uu9in_27",
                    12274027,
                    9585,
                    1643
                ],
                [
                    40,
                    "R_VCSgd_Uu9in_28",
                    12451047,
                    9585,
                    1643
                ],
                [
                    41,
                    "R_VCSgd_Uu9in_29",
                    12776779,
                    9041,
                    1579
                ],
                [
                    42,
                    "R_VCSgd_Uu9in_2a",
                    12608002,
                    9585,
                    1643
                ],
                [
                    43,
                    "R_VCSgd_Uu9in_2b",
                    12805808,
                    9585,
                    1643
                ],
                [
                    44,
                    "R_VCSgd_Uu9in_2c",
                    12598863,
                    9585,
                    1643
                ],
                [
                    177,
                    "T_VCSgd_Uu9in_7_0",
                    5558453,
                    4430,
                    359
                ],
                [
                    234,
                    "U_VCSgd_Uu9in_234",
                    9852069,
                    7231,
                    682
                ],
                [
                    262,
                    "U_VCSgd_Uu9in_262",
                    8292537,
                    4817,
                    679
                ],
                [
                    316,
                    "F_VCSgd_Uu9in_19_0",
                    19921864,
                    12567,
                    1608
                ],
                [
                    382,
                    "R_VCSgd_Uu9in_17e",
                    4483724,
                    3828,
                    374
                ],
                [
                    383,
                    "R_VCSgd_Uu9in_17f",
                    16214951,
                    10655,
                    1255
                ]
            ],
            "nMops": 29442,
            "Compiled": "Yes",
            "Compiled Times": 1,
            "end_perf": [
                0.58187294006347656,
                0.417182,
                0.036102000000000002,
                308956,
                382216,
                17027102069279225,
                17179869185,
                0
            ],
            "nQuads": 8374,
            "nRouts": 658
        },
        "...MASTER...": {
            "nRouts": 5,
            "start_perf": [
                0.37289905548095703,
                0.220137,
                0.024343,
                297216,
                382216,
                1756870472.1891041,
                17027101588659767
            ],
            "nMops": 0,
            "child_modules": {
                "tb_fp16_to_fp32_multiplier": 1,
                "std": 1
            },
            "end_perf": [
                0.37721109390258789,
                0.22068599999999999,
                0.028087000000000001,
                301652,
                382216,
                17027101598563175,
                0,
                0
            ],
            "nQuads": 0
        },
        "std": {
            "start_perf": [
                0.37729406356811523,
                0.22075900000000001,
                0.028095999999999999,
                301652,
                382216,
                1756870472.1934991,
                17027101598732106
            ],
            "child_modules": {},
            "nMops": 533,
            "svclass": [
                "$vcs_nba_dyn_obj",
                576,
                35,
                2,
                2,
                0,
                "sigprop$$",
                576,
                35,
                2,
                2,
                0,
                "process",
                2380,
                200,
                8,
                8,
                0,
                "event",
                597,
                34,
                2,
                2,
                0,
                "mailbox",
                1769,
                140,
                9,
                9,
                0,
                "semaphore",
                1119,
                84,
                5,
                5,
                0
            ],
            "Compiled": "Yes",
            "Compiled Times": 1,
            "end_perf": [
                0.38949799537658691,
                0.232934,
                0.028112000000000002,
                303000,
                382216,
                17027101626820246,
                8589934594,
                0
            ],
            "nQuads": 224,
            "nRouts": 36
        }
    },
    "CompUnits": {
        "amcQw_d": {
            "text": 434,
            "mod": "...MASTER...",
            "out": "objs/amcQw_d.o",
            "checksum": 0,
            "mode": 4,
            "bytes": 7848
        },
        "reYIK_d": {
            "archive": "archive.0/_3387872_archive_1.a",
            "cls": 7017,
            "text": 7395,
            "mod": "std",
            "out": "reYIK_d.o",
            "checksum": 0,
            "mode": 4,
            "bytes": 43298
        },
        "Uu9in_d": {
            "archive": "archive.0/_3387872_archive_1.a",
            "text": 233291,
            "mod": "tb_fp16_to_fp32_multiplier",
            "out": "Uu9in_d.o",
            "checksum": 0,
            "mode": 4,
            "bytes": 353764
        }
    },
    "reusePaths": {},
    "ObjArchives": [
        {
            "archive": "archive.0/_3387872_archive_1.a",
            "objects": [
                [
                    "reYIK_d.o",
                    43298
                ],
                [
                    "Uu9in_d.o",
                    353764
                ],
                [
                    "amcQwB.o",
                    143188
                ]
            ],
            "size": 540250
        }
    ],
    "stat": {
        "peak_mem_kb": 382216,
        "cpu_cycles_end": 17027102083803219,
        "ru_self_end": {
            "ru_utime_sec": 0.42352200000000001,
            "ru_stime_sec": 0.036102000000000002,
            "ru_nvcsw": 58,
            "ru_maxrss_kb": 130468,
            "ru_minflt": 15786,
            "ru_nivcsw": 42,
            "ru_majflt": 0
        },
        "ru_childs_end": {
            "ru_utime_sec": 0.070946999999999996,
            "ru_stime_sec": 0.066400000000000001,
            "ru_nvcsw": 45,
            "ru_maxrss_kb": 116692,
            "ru_minflt": 15407,
            "ru_nivcsw": 20,
            "ru_majflt": 0
        }
    }
}