{
    "reusePaths": {},
    "Modules": {
        "fp32_normalizer_rounder": {
            "nQuads": 980,
            "start_perf": [
                1.3720390796661377,
                1.185325,
                0.059899000000000001,
                316012,
                382236,
                1756128665.143219,
                15320961598752004
            ],
            "child_modules": {},
            "Compiled": "Yes",
            "Compiled Times": 1,
            "nMops": 3105,
            "significant_routs": [
                [
                    5,
                    "R_VCSgd_r2uC3_5",
                    11180674,
                    7244,
                    1018
                ],
                [
                    27,
                    "R_VCSgd_r2uC3_1b",
                    10075886,
                    6408,
                    888
                ]
            ],
            "end_perf": [
                1.3944511413574219,
                1.207641,
                0.059982000000000001,
                316012,
                382236,
                15320961650335337,
                34359738369,
                0
            ],
            "nRouts": 59
        },
        "...MASTER...": {
            "nQuads": 0,
            "start_perf": [
                0.80387711524963379,
                0.62940799999999997,
                0.048099000000000003,
                314064,
                382236,
                1756128664.575057,
                15320960292055704
            ],
            "child_modules": {
                "std": 1,
                "tb_fp32_addtree_5to1": 1
            },
            "end_perf": [
                0.80879306793212891,
                0.63431000000000004,
                0.048099000000000003,
                315044,
                382236,
                15320960303338503,
                0,
                0
            ],
            "nMops": 0,
            "nRouts": 5
        },
        "std": {
            "nQuads": 224,
            "start_perf": [
                0.80888605117797852,
                0.63440300000000005,
                0.048099000000000003,
                315044,
                382236,
                1756128664.580066,
                15320960303521252
            ],
            "child_modules": {},
            "svclass": [
                "$vcs_nba_dyn_obj",
                576,
                35,
                2,
                2,
                0,
                "sigprop$$",
                576,
                35,
                2,
                2,
                0,
                "process",
                2380,
                200,
                8,
                8,
                0,
                "event",
                597,
                34,
                2,
                2,
                0,
                "mailbox",
                1769,
                140,
                9,
                9,
                0,
                "semaphore",
                1119,
                84,
                5,
                5,
                0
            ],
            "Compiled": "Yes",
            "Compiled Times": 1,
            "end_perf": [
                0.81879806518554688,
                0.64038200000000001,
                0.052031000000000001,
                316012,
                382236,
                15320960326364757,
                8589934594,
                0
            ],
            "nMops": 533,
            "nRouts": 36
        },
        "tb_fp32_addtree_5to1": {
            "nQuads": 20251,
            "start_perf": [
                0.81886100769042969,
                0.64044100000000004,
                0.052034999999999998,
                316012,
                382236,
                1756128664.5900409,
                15320960326457987
            ],
            "child_modules": {
                "fp32_packer": 8,
                "fp32_unpacker": 40,
                "fp32_aligner_0000": 8,
                "wallace_tree_5_inputs_0000": 16,
                "fp32_normalizer_rounder": 8
            },
            "Compiled": "Yes",
            "Compiled Times": 1,
            "nMops": 59774,
            "significant_routs": [
                [
                    97,
                    "T_VCSgd_D6FDv_13_0",
                    46339802,
                    27298,
                    4141
                ],
                [
                    135,
                    "R_VCSgd_D6FDv_87",
                    9567954,
                    7785,
                    706
                ]
            ],
            "end_perf": [
                1.1887710094451904,
                1.0062059999999999,
                0.055899999999999998,
                316012,
                382236,
                15320961177305932,
                12884901889,
                0
            ],
            "nRouts": 2357
        },
        "wallace_tree_5_inputs_0000": {
            "nQuads": 4921,
            "start_perf": [
                1.1888360977172852,
                1.0062690000000001,
                0.055903000000000001,
                316012,
                382236,
                1756128664.960016,
                15320961177391044
            ],
            "child_modules": {
                "final_adder_0000": 1,
                "full_adder": 93
            },
            "Compiled": "Yes",
            "Compiled Times": 1,
            "nMops": 19523,
            "significant_routs": [
                [
                    543,
                    "R_VCSgd_LDqrt_21f",
                    9176187,
                    7731,
                    1194
                ],
                [
                    621,
                    "R_VCSgd_LDqrt_26d",
                    9058210,
                    7731,
                    1194
                ]
            ],
            "end_perf": [
                1.2639830112457275,
                1.0774159999999999,
                0.059855999999999999,
                316012,
                382236,
                15320961350284378,
                21474836481,
                0
            ],
            "nRouts": 653
        },
        "fp32_packer": {
            "nQuads": 291,
            "start_perf": [
                1.3944940567016602,
                1.2076830000000001,
                0.059984000000000003,
                316012,
                382236,
                1756128665.165674,
                15320961650402834
            ],
            "child_modules": {},
            "Compiled": "Yes",
            "Compiled Times": 1,
            "end_perf": [
                1.4023211002349854,
                1.215503,
                0.059984000000000003,
                316012,
                382236,
                15320961668429744,
                38654705665,
                0
            ],
            "nMops": 884,
            "nRouts": 27
        },
        "fp32_unpacker": {
            "nQuads": 308,
            "start_perf": [
                1.2640399932861328,
                1.0774710000000001,
                0.059859000000000002,
                316012,
                382236,
                1756128665.0352199,
                15320961350358021
            ],
            "child_modules": {},
            "Compiled": "Yes",
            "Compiled Times": 1,
            "end_perf": [
                1.2727591991424561,
                1.0861419999999999,
                0.059896999999999999,
                316012,
                382236,
                15320961370440600,
                25769803777,
                0
            ],
            "nMops": 757,
            "nRouts": 44
        },
        "final_adder_0000": {
            "nQuads": 1539,