{
    "cycles_program_begin": 15317628325548801,
    "cpu_cycles_pass2_start": 15317629880482025,
    "CompileStatus": "Successful",
    "PrevCompiledModules": {},
    "perf": [
        {
            "stat": [
                "main",
                "entry",
                0.019257068634033203,
                0.037699000000000003,
                0.012921,
                200716,
                200716,
                0.0,
                0.0,
                1756127215.877857,
                15317628325754369
            ],
            "sub": [
                {
                    "stat": [
                        "doParsingAndDesignResolution",
                        "entry",
                        0.13863301277160645,
                        0.046844999999999998,
                        0.019518000000000001,
                        209732,
                        210532,
                        0.0,
                        0.0,
                        1756127215.9972329,
                        15317628600276889
                    ],
                    "sub": []
                },
                {
                    "stat": [
                        "doParsingAndDesignResolution",
                        "exit",
                        0.20222306251525879,
                        0.12551300000000001,
                        0.031378000000000003,
                        311364,
                        382212,
                        0.0,
                        0.0,
                        1756127216.060823,
                        15317628746560152
                    ],
                    "sub": []
                },
                {
                    "stat": [
                        "doPostDesignResolutionToVir2Vcs",
                        "entry",
                        0.21042013168334961,
                        0.128524,
                        0.031378000000000003,
                        297348,
                        382212,
                        0.0,
                        0.0051840000000000002,
                        1756127216.06902,
                        15317628765398590
                    ],
                    "sub": [
                        {
                            "stat": [
                                "doUptoVir2VcsNoSepCleanup",
                                "entry",
                                0.26491713523864746,
                                0.18298400000000001,
                                0.031378000000000003,
                                302020,
                                382212,
                                0.0,
                                0.0051840000000000002,
                                1756127216.123517,
                                15317628890746598
                            ],
                            "sub": []
                        },
                        {
                            "stat": [
                                "doUptoVir2VcsNoSepCleanup",
                                "exit",
                                0.63703298568725586,
                                0.51602999999999999,
                                0.040002000000000003,
                                314840,
                                382212,
                                0.014350999999999999,
                                0.019869999999999999,
                                1756127216.4956329,
                                15317629746612231
                            ],
                            "sub": []
                        },
                        {
                            "stat": [
                                "doRadify_vir2vcsAll",
                                "entry",
                                0.63711118698120117,
                                0.51610299999999998,
                                0.040007000000000001,
                                314840,
                                382212,
                                0.050287999999999999,
                                0.066817000000000001,
                                1756127216.4957111,
                                15317629746744313
                            ],
                            "sub": []
                        },
                        {
                            "stat": [
                                "doRadify_vir2vcsAll",
                                "exit",
                                0.65347599983215332,
                                0.53243600000000002,
                                0.040031999999999998,
                                314840,
                                382212,
                                0.050287999999999999,
                                0.066817000000000001,
                                1756127216.5120759,
                                15317629784412885
                            ],
                            "sub": []
                        }
                    ]
                },
                {
                    "stat": [
                        "doPostDesignResolutionToVir2Vcs",
                        "exit",
                        0.65351319313049316,
                        0.53247100000000003,
                        0.040035000000000001,
                        314840,
                        382212,
                        0.050287999999999999,
                        0.066817000000000001,
                        1756127216.5121131,
                        15317629784462350
                    ],
                    "sub": []
                },
                {
                    "stat": [
                        "doGAToPass2",
                        "entry",
                        0.6535341739654541,
                        0.53249000000000002,
                        0.040036000000000002,
                        314840,
                        382212,
                        0.050287999999999999,
                        0.066817000000000001,
                        1756127216.5121341,
                        15317629784503891
                    ],
                    "sub": [
                        {
                            "stat": [
                                "DoPass2",
                                "entry",
                                0.69521117210388184,
                                0.53640200000000005,
                                0.040036000000000002,
                                313284,
                                382212,
                                0.073593000000000006,
                                0.081859000000000001,
                                1756127216.5538111,
                                15317629880471225
                            ],
                            "sub": []
                        },
                        {
                            "stat": [
                                "DoPass2",
                                "exit",
                                1.2601971626281738,
                                1.0809299999999999,
                                0.060051,
                                315232,
                                382212,
                                0.073593000000000006,
                                0.081859000000000001,
                                1756127217.1187971,
                                15317631179843884
                            ],