{
    "reusePaths": {},
    "Modules": {
        "...MASTER...": {
            "start_perf": [
                0.69538998603820801,
                0.53657500000000002,
                0.040042000000000001,
                313284,
                382212,
                1756127216.5539899,
                15317629880821505
            ],
            "child_modules": {
                "std": 1,
                "tb_fp32_adder_tree_8_inputs": 1
            },
            "end_perf": [
                0.69990301132202148,
                0.54105300000000001,
                0.040078000000000003,
                314264,
                382212,
                15317629891230137,
                0,
                0
            ],
            "nQuads": 0,
            "nMops": 0,
            "nRouts": 5
        },
        "fp32_unpacker": {
            "Compiled": "Yes",
            "start_perf": [
                1.0402960777282715,
                0.86917599999999995,
                0.052069999999999998,
                315232,
                382212,
                1756127216.898896,
                15317630674079184
            ],
            "child_modules": {},
            "nMops": 757,
            "Compiled Times": 1,
            "end_perf": [
                1.0533452033996582,
                0.88221400000000005,
                0.052069999999999998,
                315232,
                382212,
                15317630704121051,
                21474836481,
                0
            ],
            "nQuads": 308,
            "nRouts": 44
        },
        "std": {
            "start_perf": [
                0.70003414154052734,
                0.54117599999999999,
                0.040086999999999998,
                314264,
                382212,
                1756127216.558634,
                15317629891508416
            ],
            "Compiled": "Yes",
            "child_modules": {},
            "nMops": 533,
            "Compiled Times": 1,
            "end_perf": [
                0.70996308326721191,
                0.547238,
                0.043937999999999998,
                315232,
                382212,
                15317629914321258,
                8589934594,
                0
            ],
            "nQuads": 224,
            "svclass": [
                "$vcs_nba_dyn_obj",
                576,
                35,
                2,
                2,
                0,
                "sigprop$$",
                576,
                35,
                2,
                2,
                0,
                "process",
                2380,
                200,
                8,
                8,
                0,
                "event",
                597,
                34,
                2,
                2,
                0,
                "mailbox",
                1769,
                140,
                9,
                9,
                0,
                "semaphore",
                1119,
                84,
                5,
                5,
                0
            ],
            "nRouts": 36
        },
        "final_adder_0000": {
            "start_perf": [
                1.2008621692657471,
                1.0258160000000001,
                0.055881,
                315232,
                382212,
                1756127217.0594621,
                15317631043350635
            ],
            "Compiled": "Yes",
            "child_modules": {},
            "significant_routs": [
                [
                    5,
                    "R_VCSgd_UZnJR_5",
                    10795823,
                    8394,
                    1136
                ],
                [
                    7,
                    "R_VCSgd_UZnJR_7",
                    10356232,
                    8138,
                    1095
                ]
            ],
            "nMops": 5724,
            "Compiled Times": 1,
            "end_perf": [
                1.2288331985473633,
                1.0497650000000001,
                0.059872000000000002,
                315232,
                382212,
                15317631107711998,
                38654705665,
                0
            ],
            "nQuads": 1674,
            "nRouts": 86
        },
        "fp32_packer": {
            "Compiled": "Yes",
            "start_perf": [
                1.2510850429534912,
                1.0718840000000001,
                0.059992999999999998,
                315232,
                382212,
                1756127217.1096849,
                15317631158864004
            ],
            "child_modules": {},
            "nMops": 642,
            "Compiled Times": 1,
            "end_perf": [
                1.2582080364227295,
                1.078999,
                0.059992999999999998,
                315232,
                382212,
                15317631175283799,
                47244640257,
                0
            ],
            "nQuads": 262,
            "nRouts": 28
        },
        "tb_fp32_adder_tree_8_inputs": {
            "start_perf": [
                0.71001219749450684,
                0.54728500000000002,
                0.043942000000000002,
                315232,
                382212,
                1756127216.5686121,
                15317629914407781
            ],
            "Compiled": "Yes",
            "child_modules": {
                "fp32_adder_tree_8_inputs_0000": 1
            },
            "significant_routs": [
                [
                    11,
                    "T_VCSgd_HSqqS_2_0",
                    22770901,
                    16630,
                    1935
                ],
                [
                    24,
                    "T_VCSgd_HSqqS_6_0",
                    37651748,
                    20033,
                    2995
                ],
                [
                    41,
                    "T_VCSgd_HSqqS_9_0",
                    31757004,
                    22361,
                    2556
                ],
                [
                    55,
                    "U_VCSgd_HSqqS_55",
                    8593095,
                    5531,
                    779
                ],
                [
                    89,
                    "U_VCSgd_HSqqS_89",
                    8788444,
                    6268,
                    772
                ]
            ],
            "nMops": 17746,
            "Compiled Times": 1,
            "end_perf": [
                0.83028507232666016,
                0.66341600000000001,
                0.047957,
                315232,
                382212,
                15317630191092353,
                12884901889,
                0
            ],
            "nQuads": 5046,
            "nRouts": 205
        },
        "wallace_tree_8_inputs_0000": {
            "start_perf": [
                1.053400993347168,
                0.88227100000000003,
                0.052069999999999998,
                315232,
                382212,
                1756127216.9120009,
                15317630704220430
            ],
            "Compiled": "Yes",
            "child_modules": {
                "final_adder_0000": 1,
                "full_adder": 204
            },